-- phpMyAdmin SQL Dump
-- version 4.8.5
-- https://www.phpmyadmin.net/
--
-- Хост: 127.0.0.1:3306
-- Время создания: Июл 18 2019 г., 00:51
-- Версия сервера: 5.5.62
-- Версия PHP: 5.6.38

SET SQL_MODE = "NO_AUTO_VALUE_ON_ZERO";
SET AUTOCOMMIT = 0;
START TRANSACTION;
SET time_zone = "+00:00";


/*!40101 SET @OLD_CHARACTER_SET_CLIENT=@@CHARACTER_SET_CLIENT */;
/*!40101 SET @OLD_CHARACTER_SET_RESULTS=@@CHARACTER_SET_RESULTS */;
/*!40101 SET @OLD_COLLATION_CONNECTION=@@COLLATION_CONNECTION */;
/*!40101 SET NAMES utf8mb4 */;

--
-- База данных: `library`
--

-- --------------------------------------------------------

--
-- Структура таблицы `author`
--

CREATE TABLE `author` (
  `author_id` int(11) NOT NULL,
  `author_name` varchar(150) NOT NULL,
  `author_surname` varchar(150) NOT NULL,
  `author_patronymic` varchar(150) NOT NULL,
  `author_date` date NOT NULL
) ENGINE=InnoDB DEFAULT CHARSET=utf8;

--
-- Дамп данных таблицы `author`
--

INSERT INTO `author` (`author_id`, `author_name`, `author_surname`, `author_patronymic`, `author_date`) VALUES
(1, 'Александр', 'Пушкин', 'Сергеевич', '1799-05-27'),
(2, 'Витольд', 'Фокин', 'Витольд2', '1121-12-12'),
(3, 'Иван', 'Иванов', 'Иванович', '4118-12-12'),
(4, 'Петр', 'Петров', 'Петрович', '8444-04-12'),
(5, 'testName', 'testSurname', 'testPatronymic', '1717-12-12');

-- --------------------------------------------------------

--
-- Структура таблицы `books`
--

CREATE TABLE `books` (
  `books_id` int(11) NOT NULL,
  `books_name` varchar(150) NOT NULL,
  `books_picture` varchar(150) NOT NULL,
  `books_description` text NOT NULL,
  `books_date` date NOT NULL
) ENGINE=InnoDB DEFAULT CHARSET=utf8;

--
-- Дамп данных таблицы `books`
--

INSERT INTO `books` (`books_id`, `books_name`, `books_picture`, `books_description`, `books_date`) VALUES
(1, 'Руслан і Людмила1', 'img180_1_16.jpg', 'Цієї осені (2015 р.) у Видавництві «Фоліо» вийшов друком переказ В. Фокіна «Руслан і Людмила». Ця книжка - літературний подвиг, бо не кожен поет насмілиться перекладати Пушкіна, ще менше таких, що могли б досягти такого результату. Автор наглядно доводить, що українська мова нічим не поступається російській і в той же час переважає останню своєю язичницькою магією, дивовижною музичністю та чарівністю. Інколи складалося враження, що первісно славетна поема була написана саме українською мовою, а згодом геніальний Пушкін виклав її російською. Українська версія «Руслана і Людмили» - це гімн нашій мові, українській культурі та історії.', '2015-12-12'),
(2, 'Капитанская дочка', '320976_27717124.jpg', 'А.С.Пушкин вошел в русскую культуру не только как великий Поэт, но и как замечательный прозаик и драматург. В этот том включены наиболее значительные и известные прозаические произведения автора, в которых он предстает историком, бытописателем, тонким психологом (знатоком человеческой души) и великолепным рассказчиком: \"Арап Петра Великого\", \"Повести покойного Ивана Петровича Белкина\", \"Дубровский\", \"Пиковая дама\", \"История Пугачева\" и \"Капитанская дочка\".', '2009-04-13'),
(3, 'Евгений Онегин', '342620_63615986.jpg', 'Можно сказать, что весь XIX век прошел под знаком А.С.Пушкина. Но и сегодня, в XXI веке, уже тысячекратно повторенные школьными учебниками и хрестоматиями гениальные пушкинские строки не обесценились: как все причастное к вечности, они дарят радость, вселяют надежду и утешение. В настоящем издании представлены роман в стихах \"Евгений Онегин\", а также самые известные стихотворения А.С.Пушкина, вошедшие в сокровищницу мировой литературы.', '1998-04-15'),
(4, 'Борис Годунов', '206409_35275857.jpg', 'Стильно оформленное подарочное издание: переплет с золотым тиснением, золотой обрез, шелковое ляссе, флокированный футляр на 3 книги. Гениальные и разноплановые творения А.С.Пушкина \"Руслан и Людмила\", \"Борис Годунов\", \"Русалка\" объединены в трехтомник. Все три книги отличает богатое художественное оформление Алексея Томилина, в двух из них - \"Руслане и Людмиле\" и \"Борисе Годунове\" он выступил и как художник. Издание \"Русалки\" замечательно прекрасными иллюстрациями Ильи Изенберга, гармонично вплетающимися в стилистику авторского замысла.', '1111-11-11'),
(5, 'Час невинного досуга', '83167_5987360.jpg', 'Этот удивительный сборник содержит на своих страницах строки великого классика русской и мировой литературы А.С. Пушкина. В данной книге публикуются лучшая интимная лирика знаменитого поэта, в том числе известная поэма «Гавриилиада». Пушкин был чрезвычайно романтичным, влюбчивым и колоритным человеком, поэтому его лирика – это истинный шедевр, ею зачитываются многие поколения и своей актуальности она не утратит никогда. Поэт не боится обнажить свои чувства, показать их всем и каждому, поделиться самым сокровенным и таинственным. И каждая его строка – уникальна, своеобразна и неповторима. В стихотворениях Пушкина сквозит сама любовь, которой все возрасты покорны.', '1111-11-11'),
(6, 'Озорной Пушкин', '1017637019_1.jpg', 'Забавная книга известнейшего классика А. С. Пушкина, раскрывающая все неизведанные стороны автора. Собранные в книге поэзии всегда будут обходить школьную программу, их не станут цитировать истинные любители элегантной классики и помещать в одном издании вместе с «Евгением Онегиным». Тем не менее, что написано пером, не вырубишь... Дерзкие и вместе с тем забавные стихи Пушкина, так часто называемые хулиганскими, имеют место быть. Но пусть даже в пропитанных эротическим настроением стихотворениях, можно найти толику иронии и, безусловно, смысла.', '4544-05-11'),
(7, 'Галерея Чуття', '206409_35275857.jpg', '«Галерея Чуття» - гармонійне поєднання поезії, прози та живопису. Завдяки такій композиції знайомі рядки з віршів доповнюються картинами, що надає їм поліфонічності. У цій книзі використано роботи Андрія Задоріна — талановитого білоруського художника. Його картини входять до Третьяковської галереї, Мінського музею сучасних мистецтв, Музею Вікторії та Альберта та навіть Британського музею, а також до чисельних приватних колекцій. У живописі автор жадає зрозуміти себе та навколишній світ. Такий підхід розкриває душу та робить його справжнім митцем. Для збірки «Галерея Чуття» було відібрано твори Івана Франка, Сергія Єсеніна, Михайла Коцюбинського, Сергія Жадана, Василя Стуса, Марини Цвєтаєвої та інших видатних поетів. В ній немає чітко визначеної хронології або стилю, тому що головна тема, що пронизує усю книгу — це почуття. Гортаючи її сторінки та читаючи тексти, ви ніби знайомитеся з палітрою емоцій, що їх майстерно втілили поети та художник. Книга «Галерея Чуття» українською мовою видана завдяки арт-видавництву «Nebo». Автором ідеї та упорядником проекту стала Світлана Привалова — головний редактор «Неба», кандидат наук із соціальних комунікацій та велика шанувальниця поезії. Це невелике, але вишукане видання стане відмінним подарунком до будь-якого свята. Купити книгу «Галерея Чуття» просто - замовляйте товар на сайті інтернет-магазину Yakaboo або скористайтеся номером гарячої лінії 0-800-600-505. ', '1999-04-15'),
(8, 'Сказка о мертвой царевне и о семи богатырях', '0_16_253.jpg', 'Чудова казка великого російського поета Олександра Сергійовича Пушкіна видається з чудовими ілюстраціями художниці Людмили Багіної.\r\nЧудова казка великого російського поета Олександра Сергійовича Пушкіна видається з чудовими ілюстраціями художниці Людмили Багіної.Чудова казка великого російського поета Олександра Сергійовича Пушкіна видається з чудовими ілюстраціями художниці Людмили Багіної.', '1998-04-14'),
(11, 'test', 'img180_1_16.jpg', 'etsetst', '1212-12-12');

-- --------------------------------------------------------

--
-- Структура таблицы `books_authors`
--

CREATE TABLE `books_authors` (
  `book_id` int(11) NOT NULL,
  `author_id` int(11) NOT NULL
) ENGINE=InnoDB DEFAULT CHARSET=utf8;

--
-- Дамп данных таблицы `books_authors`
--

INSERT INTO `books_authors` (`book_id`, `author_id`) VALUES
(1, 2),
(1, 3),
(1, 4),
(2, 4),
(3, 2),
(3, 5),
(4, 1),
(4, 2),
(4, 4),
(5, 1),
(5, 2),
(6, 1),
(7, 3),
(7, 5),
(8, 1),
(8, 3),
(11, 1),
(11, 3),
(11, 4);

-- --------------------------------------------------------

--
-- Структура таблицы `books_genres`
--

CREATE TABLE `books_genres` (
  `book_id` int(11) NOT NULL,
  `genre_id` int(11) NOT NULL
) ENGINE=InnoDB DEFAULT CHARSET=utf8;

--
-- Дамп данных таблицы `books_genres`
--

INSERT INTO `books_genres` (`book_id`, `genre_id`) VALUES
(1, 2),
(1, 3),
(2, 1),
(2, 9),
(3, 3),
(3, 4),
(4, 1),
(5, 1),
(5, 4),
(5, 8),
(6, 1),
(6, 6),
(7, 2),
(7, 5),
(8, 1),
(11, 1),
(11, 3),
(11, 4),
(11, 5),
(11, 6),
(11, 7),
(11, 8);

-- --------------------------------------------------------

--
-- Структура таблицы `genre`
--

CREATE TABLE `genre` (
  `genre_id` int(11) NOT NULL,
  `genre` varchar(150) NOT NULL
) ENGINE=InnoDB DEFAULT CHARSET=utf8;

--
-- Дамп данных таблицы `genre`
--

INSERT INTO `genre` (`genre_id`, `genre`) VALUES
(1, 'Готовка и кулинария'),
(2, 'Детские книги'),
(3, 'Драматургия'),
(4, 'Зарубежная литература'),
(5, 'История'),
(6, 'Книги о музыке'),
(7, 'Русская классика'),
(8, 'Детективы');

--
-- Индексы сохранённых таблиц
--

--
-- Индексы таблицы `author`
--
ALTER TABLE `author`
  ADD PRIMARY KEY (`author_id`);

--
-- Индексы таблицы `books`
--
ALTER TABLE `books`
  ADD PRIMARY KEY (`books_id`);

--
-- Индексы таблицы `books_authors`
--
ALTER TABLE `books_authors`
  ADD PRIMARY KEY (`book_id`,`author_id`);

--
-- Индексы таблицы `books_genres`
--
ALTER TABLE `books_genres`
  ADD PRIMARY KEY (`book_id`,`genre_id`);

--
-- Индексы таблицы `genre`
--
ALTER TABLE `genre`
  ADD PRIMARY KEY (`genre_id`);

--
-- AUTO_INCREMENT для сохранённых таблиц
--

--
-- AUTO_INCREMENT для таблицы `author`
--
ALTER TABLE `author`
  MODIFY `author_id` int(11) NOT NULL AUTO_INCREMENT, AUTO_INCREMENT=7;

--
-- AUTO_INCREMENT для таблицы `books`
--
ALTER TABLE `books`
  MODIFY `books_id` int(11) NOT NULL AUTO_INCREMENT, AUTO_INCREMENT=12;

--
-- AUTO_INCREMENT для таблицы `genre`
--
ALTER TABLE `genre`
  MODIFY `genre_id` int(11) NOT NULL AUTO_INCREMENT, AUTO_INCREMENT=11;
COMMIT;

/*!40101 SET CHARACTER_SET_CLIENT=@OLD_CHARACTER_SET_CLIENT */;
/*!40101 SET CHARACTER_SET_RESULTS=@OLD_CHARACTER_SET_RESULTS */;
/*!40101 SET COLLATION_CONNECTION=@OLD_COLLATION_CONNECTION */;
